﻿  <Configuration xmlns:xsi="http://www.w3.org/2001/XMLSchema-instance" xmlns:xsd="http://www.w3.org/2001/XMLSchema">
  <SearchRunners>
    <SearchRunner xsi:type="WebClientSearchRunner" Name="StackOverFlow" Address="https://api.stackexchange.com/2.2/questions" QueryName="tagged" Disabled="false">
      <Parameters>
        <Item Name="site" Value="stackoverflow" />
        <Item Name="filter" Value="!bCzphOiWu)Q3g)" />
      </Parameters>
      <Finder xsi:type="JSONResultFinder">
        <Path>["total"]</Path>
      </Finder>
    </SearchRunner>

    <SearchRunner xsi:type="WebClientSearchRunner" Name="MSN Search" Address="https://www.bing.com/search" QueryName="q" Disabled="false">
      <Finder xsi:type="RegexResultFinder" GroupIndex="1">
        <Pattern>\&lt;span[^\&gt;]+class="sb_count"[^\&gt;]*\&gt;([\d\.\,]+)</Pattern>
      </Finder>
    </SearchRunner>

      <SearchRunner xsi:type="WebClientSearchRunner" Name="googleScrape" Address="https://www.google.com/search" QueryName="q" Disabled="true">
      <Parameters>
        <Item Name="hl" Value="en" />
      </Parameters>
      <Finder xsi:type="RegexResultFinder" GroupIndex="1">
        <Pattern>\&lt;div[^\&gt;]+id="resultStats"[^\&gt;]*\&gt;About ([\d\,\.]+)</Pattern>
      </Finder>
    </SearchRunner>
  </SearchRunners>
</Configuration>